{"mean": [0.39115022709667685, 0.33506209251582625, 0.321879823666811, 0.3086553120851517, 0.31404551153182986, 0.3031435474216938, 0.3212586452782154, 0.3603258104681969, 0.3625085325717926, 0.3637245039641857, 0.35799395872354506, 0.38423856068253515, -261.8707046508789, 75.21989541549682, -6.568288895182637, 27.215849423480034, -0.9752268845104147, -3.346361296463199, -11.600304670428486, -8.552331728350744, -9.89395882537365, -1.6849858300009741, -11.2723692667678, 1.2038009118599817, -4.364706783442432, 1929.4389382324218, 0.06407983024008572, 0.32309738307595254, 0.295363535797596, 0.3046159947782755, 0.2964919258236885, 0.3014219198167324, 0.29068693297505377, 0.2971320638418198, 0.3145065176486969, 0.31623878796696664, 0.32134991864562035, 0.3115010663628578, 0.3240812675714493, 113.50022790374756, 57.59020910415649, 38.92120967559814, 30.85872308654785, 23.344893093109132, 19.82045175704956, 18.652880577278136, 15.987813813781738, 13.864626958465577, 12.864919476509094, 11.645396016693116, 11.387028913497925, 11.972916553306579, 970.6071080444336, 0.04588862044364214, 0.0, 0.0, 0.0, 0.0, 0.0, 0.0, 0.0, 0.0, 0.0, 0.0, 0.0, 0.0, 0.0, 0.0, 0.0, 0.0, 0.0, 0.0, 0.0, 0.0, 0.0, 0.0, 0.0, 0.0, 0.0, 0.0, 0.0, 0.0, 0.0, 0.0, 0.0, 0.0, 0.0, 0.0, 0.0, 0.0, 0.0, 0.0, 0.0, 0.0, 0.0, 0.0, 0.0, 0.0, 0.0, 0.0, 0.0, 0.0, 0.0, 0.0, 0.0, 0.0, 0.0, 0.0, 0.0, 0.0, 0.0, 0.0], "scale": [0.06833170950296912, 0.05515116226698902, 0.05468958481195298, 0.0510425274834133, 0.06567373590126184, 0.06344312249382245, 0.0575380959429736, 0.0672383812713356, 0.058690912092146254, 0.07437675155466784, 0.08583780751579907, 0.07710076964423068, 61.36085890267105, 14.798384004170668, 9.642115439518196, 9.1893756854511, 7.11172093025594, 9.663998554365099, 6.811150388170574, 7.547423587194949, 5.783238957760661, 5.842139560533471, 7.436888872405795, 5.004931792239634, 4.381100828467531, 221.80344847680925, 0.022591763287316893, 0.023072475494093126, 0.0281233560551404, 0.02882256195844436, 0.02950393356613227, 0.028170315823839647, 0.0308700010271346, 0.0297105807267423, 0.02794774069880431, 0.025544133641706084, 0.026473303613809836, 0.03253119245891234, 0.028274678865558088, 25.599619259924864, 12.542529610249678, 6.848760935996841, 6.3919615324811305, 4.833835357848543, 3.8196772140197637, 2.8226041716799792, 2.5674902153875543, 1.935552817195106, 2.068602951436704, 1.924269132107515, 1.627770905853842, 1.8416720322627098, 176.5301346477489, 0.015395766369350356, 1.0, 1.0, 1.0, 1.0, 1.0, 1.0, 1.0, 1.0, 1.0, 1.0, 1.0, 1.0, 1.0, 1.0, 1.0, 1.0, 1.0, 1.0, 1.0, 1.0, 1.0, 1.0, 1.0, 1.0, 1.0, 1.0, 1.0, 1.0, 1.0, 1.0, 1.0, 1.0, 1.0, 1.0, 1.0, 1.0, 1.0, 1.0, 1.0, 1.0, 1.0, 1.0, 1.0, 1.0, 1.0, 1.0, 1.0, 1.0, 1.0, 1.0, 1.0, 1.0, 1.0, 1.0, 1.0, 1.0, 1.0, 1.0]}